nationality,athlete_count,avg_age
United States,214,25.9
Canada,203,26.7
Russia,177,25.6
Germany,152,27.1
Switzerland,145,26.4
Italy,108,27.2
France,107,25.8
Sweden,106,27.0
Norway,97,26.0
Finland,94,26.6
Japan,93,25.9
Czech Republic,91,26.7
China,86,23.6
Austria,80,27.7
Slovakia,72,27.1
Latvia,58,26.1
Great Britain,51,27.5
Belarus,50,27.5
Poland,50,24.7
Slovenia,49,25.5
South Korea,46,22.9
Ukraine,45,26.5
Australia,40,26.1
Kazakhstan,38,23.4
Netherlands,34,25.9
Romania,29,23.5
Estonia,29,25.4
Croatia,18,25.1
Bulgaria,18,25.9
Denmark,18,30.3
Spain,18,24.5
New Zealand,16,25.1
Hungary,15,24.2
Serbia,10,22.2
Belgium,8,27.0
Georgia,8,19.0
Moldova,7,25.9
Greece,7,27.4
Argentina,7,29.7
Lithuania,6,23.7
Iran,6,25.0
Ireland,6,27.2
Liechtenstein,6,27.7
Brazil,5,27.0
Andorra,5,22.2
Bosnia and Herzegovina,5,20.2
Turkey,5,24.8
Macedonia,4,23.0
Iceland,4,23.5
Armenia,4,20.0
Chile,3,22.7
Israel,3,26.7
India,3,25.7
Lebanon,3,19.7
Uzbekistan,3,26.0
Peru,3,24.3
Monaco,3,33.0
San Marino,2,21.0
Azerbaijan,2,33.0
South Africa,2,26.5
Mongolia,2,25.0
North Korea,2,23.5
Cyprus,2,20.0
Kyrgyzstan,2,27.0
Nepal,2,34.0
Albania,1,23.0
Algeria,1,17.0
Chinese Taipei,1,24.0
Cayman Islands,1,22.0
Bermuda,1,28.0
Jamaica,1,23.0
Ethiopia,1,35.0
Colombia,1,26.0
Ghana,1,35.0
Hong Kong,1,27.0
Kenya,1,38.0
Portugal,1,36.0
Morocco,1,32.0
Montenegro,1,19.0
Mexico,1,51.0
Pakistan,1,23.0
Senegal,1,28.0
Tajikistan,1,32.0
