sport,athlete_count,avg_age,avg_weight_kg,avg_height_cm,avg_bmi,n_nationalities
Ice Hockey,436,26.5,80.7,178.9,25.0,13
Alpine Skiing,314,25.0,75.7,175.2,24.5,72
Cross-Country Skiing,300,26.6,67.1,174.6,21.9,56
Biathlon,218,26.8,65.6,173.4,21.7,37
Snowboard,188,25.3,69.6,172.7,23.2,27
Speed Skating,178,25.2,70.7,175.0,23.0,24
Freestyle Skiing,171,25.8,69.1,171.5,23.3,27
Bobsleigh,168,29.0,91.7,182.1,27.5,23
Figure Skating,146,23.1,,169.5,,31
Short Track,111,23.0,63.8,170.8,21.8,23
Luge,110,26.5,79.7,178.2,25.0,25
Curling,99,30.7,,173.9,,12
Ski Jumping,69,24.5,61.7,178.1,19.4,18
Nordic Combined,54,25.1,65.9,178.2,20.8,14
Skeleton,48,29.1,72.7,174.8,23.7,19
